URL,Last Visit Time
https://medium.com/towards-artificial-intelligence/pandasai-pandas-new-born-child-from-chatgpt-1aa976214319,2023-08-28 02:37:22.814447
https://medium.com/artificial-corner/i-tried-100-ai-tools-these-are-the-best-67e2fcef98b2,2023-08-26 12:09:42.971422
https://medium.com/towards-artificial-intelligence/17-pandas-trick-i-wish-i-knew-before-as-a-data-scientist-16ab7b37513a,2023-08-28 02:38:24.681187
https://medium.com/@ashikthulungrai7/python-configparser-a-comprehensive-guide-%EF%B8%8F-36331be5244f,2023-08-25 01:19:54.146400
https://medium.com/python-in-plain-english/lets-build-a-web-scraper-using-python-together-cars-com-76c4ef1dfc99,2023-08-25 01:21:05.839666
https://medium.com/@ExploitTheEdge/use-a-raspberry-pi-to-make-passive-income-e559c26867e8,2023-08-25 01:21:59.400484
https://medium.com/towards-data-science/goodbye-pip-freeze-welcome-pipreqs-258d2e7a5a62?source=user_profile---------39----------------------------,2023-08-26 12:03:53.275237
https://medium.com/towards-data-science/goodbye-pip-freeze-welcome-pipreqs-258d2e7a5a62,2023-08-26 12:03:53.348979
https://medium.com/artificial-corner/how-to-scrape-a-web-page-with-chatgpt-no-programming-required-d63d6a561aee,2023-08-26 12:06:00.888677
https://medium.com/python-in-plain-english/this-python-library-simplifies-working-with-pandas-29e4261ecb1c,2023-08-28 01:34:01.980841
https://medium.com/@eymericplaisant/leonardo-of-pisa-the-fibonacci-of-financial-markets-bc9be915495b,2023-08-28 02:25:26.815774
https://medium.com/@eymericplaisant/i-backtest-a-bollinger-bands-strategy-and-got-111-745-profit-f5b67235f37f?source=author_recirc-----bc9be915495b----0---------------------8d9b9fab_78e8_4646_b394_cc47e66ac603-------,2023-08-28 02:20:28.076611
https://medium.com/@eymericplaisant/i-backtest-a-bollinger-bands-strategy-and-got-111-745-profit-f5b67235f37f,2023-08-28 02:20:28.129839
https://medium.com/python-in-plain-english/understanding-environment-variables-in-python-7d3148fcb795?source=author_recirc-----f9b04063467a----0---------------------de7e746c_8da2_4537_b625_d24db04d4bdf-------,2023-08-28 02:27:20.860075
https://medium.com/python-in-plain-english/understanding-environment-variables-in-python-7d3148fcb795,2023-08-28 02:27:20.913900
https://medium.com/@beerus11/52-week-high-breakout-backtesting-on-nifty-50-8df94859f449,2023-08-28 02:31:07.090797
https://beerus11.medium.com/52-week-high-breakout-backtesting-on-nifty-50-8df94859f449,2023-08-28 02:31:07.090797
https://medium.com/towards-artificial-intelligence/unlocking-the-power-of-pandas-a-deep-dive-into-loc-and-iloc-a6c5c1dc8eb7,2023-08-28 02:38:15.938844
https://medium.com/m/global-identity-2?redirectUrl=https%3A%2F%2Fpub.towardsai.net%2Funlocking-the-power-of-pandas-a-deep-dive-into-loc-and-iloc-a6c5c1dc8eb7,2023-08-28 02:36:26.670721
https://medium.com/@soderholm.conny/python-and-google-sheets-getting-started-with-gspread-92167af78e16,2023-08-28 02:51:48.396895
https://www.websearch101.com/web?q=prefabricated%20houses%20prices&o=1671293&rch=ch1&clid=amg-websearch101&utm_source=g&utm_medium=gcpc&ct=11279&campaignid=20267262714&agid=153108207031&adid=662074164201&kwid=kwd-298260850228&gclid=EAIaIQobChMIoeCQ-9n_gAMVL-vICh0nMgjBEAAYAiAAEgL1bfD_BwE&akid=1_20267262714_153108207031_kwd-298260850228_s&ueid=36563616-94ae-4885-ae48-5e4514aac674&qo=semQuery&ad=semA&ag=fw4&an=google_s,2023-08-28 15:48:22.072587
https://medium.com/@fareedkhandev/python-programming-in-microsoft-excel-2c88df7633df,2023-08-28 21:23:39.375733
https://medium.com/python-in-plain-english/how-to-automate-your-daily-tasks-with-python-12866553e26a,2023-08-28 21:23:54.908187
https://medium.com/@rohanbhautoo/python-web-scraper-a-powerful-tool-for-web-data-extraction-6b196424d6fe,2023-08-28 21:24:01.122854
https://medium.com/geekculture/web-scraping-and-sentiment-analysis-with-python-chatgpt-and-openai-fa35287bf51c,2023-08-28 21:24:26.810532
https://medium.com/python-in-plain-english/automated-feature-selection-for-machine-learning-in-python-2ad4bcfac19a,2023-08-28 21:24:50.189154
https://medium.com/nerd-for-tech/paramiko-how-to-transfer-files-with-remote-system-sftp-servers-using-python-52d3e51d2cfa,2023-08-28 21:25:25.814358
https://medium.com/javascript-in-plain-english/best-web-scraping-apis-and-tools-3a38774ee5dc,2023-08-28 21:25:53.576340
https://medium.com/@365datascience/how-to-build-a-predictive-model-in-python-ba7743d5b1dc,2023-08-28 21:26:02.310950
https://medium.com/donvitocodes/summarize-documents-in-8-lines-of-code-using-llamaindex-and-openai-dd8e9d8a94b2,2023-08-28 21:26:17.974958
https://medium.com/@zenrows/selenium-avoid-bot-detection-7d16e4fa9d82,2023-08-28 21:26:40.973518
https://medium.com/@christianmartinezfinancialfox/how-to-use-python-in-excel-for-finance-and-fp-a-professionals-5711b24575cf,2023-08-28 21:26:56.948143
https://medium.com/artificial-corner/noteable-the-chatgpt-plugin-that-automates-data-analysis-7f7ccd84f3c8,2023-08-28 21:27:16.128991
https://medium.com/aws-tip/selecting-rows-based-on-column-values-in-pandas-38cadca87416,2023-08-28 21:28:00.325740
https://medium.com/@fhuqtheta/applications-of-machine-learning-in-options-trading-b416c5a67831,2023-08-28 21:28:23.931875
https://medium.com/codex/from-data-to-html-creating-tables-and-plots-with-python-96ca4eb3bef2,2023-08-28 21:29:39.007287
https://medium.com/@kokhua81/stocks-technical-analysis-ta-with-python-chatgpt-a-comprehensive-guide-871a756ebc7c,2023-08-28 21:30:24.347388
